name,home_goals,away_goals,total_goals,home_wins,away_wins,total_wins,home_draws,away_draws,total_draws,home_losses,away_losses,total_losses,win_rate,win_percentage,goals_conceded_home,goals_conceded_away,goals_conceded,games_played,avg_goals_per_game,avg_goals_conceded_per_game,goal_difference
Abkhazia,39.0,12.0,51.0,11.0,3.0,14.0,8.0,5.0,13.0,3.0,2.0,5.0,0.4375,0.640625,13.0,13.0,26.0,32.0,1.59375,0.8125,27.0
Afghanistan,55.0,85.0,140.0,18.0,17.0,35.0,11.0,21.0,32.0,18.0,57.0,75.0,0.24647887323943662,0.3591549295774648,70.0,218.0,288.0,142.0,0.9859154929577465,2.028169014084507,-30.0
Albania,239.0,136.0,375.0,78.0,31.0,109.0,48.0,36.0,84.0,81.0,118.0,199.0,0.2780612244897959,0.3852040816326531,227.0,355.0,582.0,392.0,0.9566326530612245,1.4846938775510203,103.0
Alderney,20.0,53.0,73.0,1.0,4.0,5.0,1.0,1.0,2.0,46.0,82.0,128.0,0.037037037037037035,0.044444444444444446,199.0,421.0,620.0,135.0,0.5407407407407407,4.592592592592593,-33.0
Algeria,649.0,264.0,913.0,198.0,77.0,275.0,82.0,76.0,158.0,62.0,104.0,166.0,0.4590984974958264,0.5909849749582637,288.0,318.0,606.0,599.0,1.5242070116861435,1.011686143572621,385.0
Ambazonia,,3.0,3.0,,0.0,0.0,,1.0,1.0,,5.0,5.0,0.0,0.08333333333333333,,17.0,17.0,6.0,0.5,2.8333333333333335,
American Samoa,18.0,13.0,31.0,3.0,1.0,4.0,2.0,0.0,2.0,19.0,28.0,47.0,0.07547169811320754,0.09433962264150944,145.0,201.0,346.0,53.0,0.5849056603773585,6.528301886792453,5.0
Andalusia,23.0,2.0,25.0,7.0,1.0,8.0,4.0,0.0,4.0,1.0,0.0,1.0,0.6153846153846154,0.7692307692307693,13.0,1.0,14.0,13.0,1.9230769230769231,1.0769230769230769,21.0
Andorra,42.0,31.0,73.0,11.0,2.0,13.0,16.0,14.0,30.0,85.0,94.0,179.0,0.05855855855855856,0.12612612612612611,225.0,307.0,532.0,222.0,0.32882882882882886,2.3963963963963963,11.0
Angola,286.0,174.0,460.0,96.0,43.0,139.0,63.0,80.0,143.0,39.0,85.0,124.0,0.34236453201970446,0.5184729064039408,167.0,252.0,419.0,406.0,1.1330049261083743,1.0320197044334976,112.0
Anguilla,17.0,30.0,47.0,2.0,3.0,5.0,4.0,5.0,9.0,23.0,48.0,71.0,0.058823529411764705,0.11176470588235295,81.0,249.0,330.0,85.0,0.5529411764705883,3.8823529411764706,-13.0
Antigua and Barbuda,188.0,117.0,305.0,52.0,19.0,71.0,24.0,18.0,42.0,51.0,63.0,114.0,0.31277533039647576,0.4052863436123348,180.0,236.0,416.0,227.0,1.3436123348017621,1.8325991189427313,71.0
Arameans Suryoye,6.0,10.0,16.0,1.0,4.0,5.0,1.0,1.0,2.0,1.0,2.0,3.0,0.5,0.6,4.0,8.0,12.0,10.0,1.6,1.2,-4.0
Argentina,1337.0,670.0,2007.0,402.0,183.0,585.0,127.0,130.0,257.0,70.0,149.0,219.0,0.5513666352497644,0.672478793590952,502.0,570.0,1072.0,1061.0,1.8916116870876531,1.0103675777568333,667.0
Armenia,147.0,123.0,270.0,42.0,23.0,65.0,30.0,25.0,55.0,57.0,90.0,147.0,0.24344569288389514,0.3464419475655431,199.0,286.0,485.0,267.0,1.0112359550561798,1.8164794007490637,24.0
Artsakh,12.0,20.0,32.0,4.0,2.0,6.0,1.0,1.0,2.0,2.0,1.0,3.0,0.5454545454545454,0.6363636363636364,9.0,5.0,14.0,11.0,2.909090909090909,1.2727272727272727,-8.0
Aruba,110.0,77.0,187.0,21.0,8.0,29.0,14.0,15.0,29.0,37.0,50.0,87.0,0.2,0.3,154.0,191.0,345.0,145.0,1.289655172413793,2.3793103448275863,33.0
Asturias,,3.0,3.0,,1.0,1.0,,0.0,0.0,,0.0,0.0,1.0,1.0,,1.0,1.0,1.0,3.0,1.0,
Australia,751.0,409.0,1160.0,186.0,108.0,294.0,60.0,62.0,122.0,76.0,83.0,159.0,0.5113043478260869,0.6173913043478261,331.0,281.0,612.0,575.0,2.017391304347826,1.0643478260869565,342.0
Austria,917.0,614.0,1531.0,234.0,129.0,363.0,87.0,96.0,183.0,136.0,173.0,309.0,0.4245614035087719,0.531578947368421,597.0,716.0,1313.0,855.0,1.7906432748538013,1.535672514619883,303.0
Aymara,0.0,1.0,1.0,0.0,0.0,0.0,0.0,0.0,0.0,1.0,1.0,2.0,0.0,0.0,1.0,3.0,4.0,2.0,0.5,2.0,-1.0
Azerbaijan,131.0,97.0,228.0,38.0,21.0,59.0,46.0,32.0,78.0,62.0,105.0,167.0,0.19407894736842105,0.3223684210526316,177.0,333.0,510.0,304.0,0.75,1.6776315789473684,34.0
Bahamas,45.0,28.0,73.0,10.0,4.0,14.0,6.0,4.0,10.0,15.0,22.0,37.0,0.22950819672131148,0.3114754098360656,73.0,114.0,187.0,61.0,1.1967213114754098,3.0655737704918034,17.0
Bahrain,493.0,225.0,718.0,140.0,65.0,205.0,93.0,61.0,154.0,114.0,105.0,219.0,0.3546712802768166,0.48788927335640137,394.0,350.0,744.0,578.0,1.2422145328719723,1.28719723183391,268.0
Bangladesh,178.0,89.0,267.0,51.0,27.0,78.0,41.0,23.0,64.0,67.0,90.0,157.0,0.2608695652173913,0.36789297658862874,243.0,302.0,545.0,299.0,0.8929765886287625,1.8227424749163879,89.0
Barawa,16.0,0.0,16.0,3.0,0.0,3.0,0.0,0.0,0.0,8.0,1.0,9.0,0.25,0.25,41.0,5.0,46.0,12.0,1.3333333333333333,3.8333333333333335,16.0
Barbados,244.0,141.0,385.0,63.0,30.0,93.0,48.0,18.0,66.0,62.0,75.0,137.0,0.3141891891891892,0.42567567567567566,245.0,268.0,513.0,296.0,1.3006756756756757,1.7331081081081081,103.0
Basque Country,85.0,71.0,156.0,22.0,16.0,38.0,6.0,5.0,11.0,5.0,4.0,9.0,0.6551724137931034,0.75,36.0,40.0,76.0,58.0,2.689655172413793,1.3103448275862069,14.0
Belarus,178.0,174.0,352.0,49.0,42.0,91.0,40.0,37.0,77.0,53.0,88.0,141.0,0.29449838187702265,0.4190938511326861,183.0,275.0,458.0,309.0,1.13915857605178,1.4822006472491909,4.0
Belgium,942.0,587.0,1529.0,246.0,132.0,378.0,85.0,94.0,179.0,122.0,168.0,290.0,0.4462809917355372,0.551948051948052,589.0,697.0,1286.0,847.0,1.8051948051948052,1.5182998819362457,355.0
Belize,72.0,51.0,123.0,21.0,8.0,29.0,8.0,12.0,20.0,24.0,42.0,66.0,0.25217391304347825,0.3391304347826087,80.0,142.0,222.0,115.0,1.0695652173913044,1.9304347826086956,21.0
Benin,214.0,131.0,345.0,61.0,20.0,81.0,43.0,33.0,76.0,52.0,105.0,157.0,0.25796178343949044,0.37898089171974525,208.0,336.0,544.0,314.0,1.0987261146496816,1.732484076433121,83.0
Bermuda,197.0,117.0,314.0,44.0,21.0,65.0,21.0,11.0,32.0,41.0,50.0,91.0,0.34574468085106386,0.4308510638297872,161.0,162.0,323.0,188.0,1.6702127659574468,1.7180851063829787,80.0
Bhutan,34.0,26.0,60.0,8.0,3.0,11.0,4.0,3.0,7.0,22.0,66.0,88.0,0.10377358490566038,0.13679245283018868,89.0,296.0,385.0,106.0,0.5660377358490566,3.6320754716981134,8.0
Biafra,1.0,1.0,2.0,1.0,1.0,2.0,0.0,0.0,0.0,1.0,0.0,1.0,0.6666666666666666,0.6666666666666666,1.0,0.0,1.0,3.0,0.6666666666666666,0.3333333333333333,0.0
Bolivia,371.0,167.0,538.0,95.0,22.0,117.0,67.0,51.0,118.0,102.0,188.0,290.0,0.22285714285714286,0.3352380952380952,420.0,612.0,1032.0,525.0,1.0247619047619048,1.9657142857142857,204.0
Bonaire,20.0,37.0,57.0,3.0,10.0,13.0,5.0,1.0,6.0,9.0,11.0,20.0,0.3333333333333333,0.41025641025641024,44.0,54.0,98.0,39.0,1.4615384615384615,2.5128205128205128,-17.0
Bosnia and Herzegovina,202.0,179.0,381.0,57.0,46.0,103.0,33.0,29.0,62.0,43.0,69.0,112.0,0.37184115523465705,0.48375451263537905,158.0,225.0,383.0,277.0,1.3754512635379061,1.3826714801444044,23.0
Botswana,164.0,101.0,265.0,63.0,26.0,89.0,45.0,45.0,90.0,65.0,81.0,146.0,0.27384615384615385,0.4123076923076923,184.0,230.0,414.0,325.0,0.8153846153846154,1.2738461538461539,63.0
Brazil,1495.0,795.0,2290.0,434.0,234.0,668.0,114.0,101.0,215.0,60.0,110.0,170.0,0.6343779677113011,0.7364672364672364,493.0,457.0,950.0,1053.0,2.174738841405508,0.9021842355175689,700.0
British Virgin Islands,58.0,41.0,99.0,11.0,7.0,18.0,9.0,12.0,21.0,27.0,49.0,76.0,0.1565217391304348,0.24782608695652175,109.0,243.0,352.0,115.0,0.8608695652173913,3.0608695652173914,17.0
Brittany,13.0,5.0,18.0,5.0,1.0,6.0,2.0,1.0,3.0,2.0,1.0,3.0,0.5,0.625,11.0,4.0,15.0,12.0,1.5,1.25,8.0
Brunei,51.0,56.0,107.0,16.0,6.0,22.0,4.0,7.0,11.0,31.0,70.0,101.0,0.16417910447761194,0.20522388059701493,142.0,293.0,435.0,134.0,0.7985074626865671,3.246268656716418,-5.0
Bulgaria,557.0,443.0,1000.0,155.0,104.0,259.0,74.0,112.0,186.0,94.0,190.0,284.0,0.355281207133059,0.4828532235939643,408.0,688.0,1096.0,729.0,1.3717421124828533,1.503429355281207,114.0
Burkina Faso,341.0,221.0,562.0,107.0,52.0,159.0,59.0,62.0,121.0,44.0,128.0,172.0,0.35176991150442477,0.4856194690265487,224.0,376.0,600.0,452.0,1.2433628318584071,1.3274336283185841,120.0
Burundi,120.0,117.0,237.0,40.0,25.0,65.0,22.0,29.0,51.0,35.0,64.0,99.0,0.3023255813953488,0.42093023255813955,97.0,191.0,288.0,215.0,1.1023255813953488,1.3395348837209302,3.0
Cambodia,218.0,105.0,323.0,50.0,13.0,63.0,28.0,12.0,40.0,74.0,115.0,189.0,0.21575342465753425,0.2842465753424658,291.0,468.0,759.0,292.0,1.106164383561644,2.5993150684931505,113.0
Cameroon,501.0,355.0,856.0,171.0,95.0,266.0,77.0,112.0,189.0,44.0,106.0,150.0,0.4396694214876033,0.5958677685950413,239.0,393.0,632.0,605.0,1.4148760330578511,1.0446280991735537,146.0
Canada,316.0,285.0,601.0,100.0,77.0,177.0,42.0,62.0,104.0,66.0,116.0,182.0,0.38228941684665224,0.4946004319654428,228.0,381.0,609.0,463.0,1.2980561555075594,1.3153347732181426,31.0
Canary Islands,11.0,,11.0,3.0,,3.0,0.0,,0.0,1.0,,1.0,0.75,0.75,3.0,,3.0,4.0,2.75,0.75,
Cape Verde,156.0,94.0,250.0,59.0,29.0,88.0,26.0,26.0,52.0,33.0,54.0,87.0,0.3876651982378855,0.5022026431718062,101.0,153.0,254.0,227.0,1.1013215859030836,1.118942731277533,62.0
Cascadia,10.0,13.0,23.0,2.0,2.0,4.0,0.0,1.0,1.0,0.0,2.0,2.0,0.5714285714285714,0.6428571428571429,3.0,11.0,14.0,7.0,3.2857142857142856,2.0,-3.0
Catalonia,67.0,8.0,75.0,18.0,1.0,19.0,10.0,2.0,12.0,11.0,6.0,17.0,0.3958333333333333,0.5208333333333334,57.0,27.0,84.0,48.0,1.5625,1.75,59.0
Cayman Islands,76.0,33.0,109.0,20.0,3.0,23.0,10.0,10.0,20.0,37.0,32.0,69.0,0.20535714285714285,0.29464285714285715,149.0,128.0,277.0,112.0,0.9732142857142857,2.4732142857142856,43.0
Central African Republic,89.0,56.0,145.0,24.0,5.0,29.0,19.0,9.0,28.0,25.0,52.0,77.0,0.21641791044776118,0.3208955223880597,94.0,163.0,257.0,134.0,1.0820895522388059,1.9179104477611941,33.0
Central Spain,1.0,1.0,2.0,1.0,0.0,1.0,0.0,0.0,0.0,0.0,1.0,1.0,0.5,0.5,0.0,4.0,4.0,2.0,1.0,2.0,0.0
Chad,74.0,39.0,113.0,19.0,7.0,26.0,18.0,14.0,32.0,30.0,46.0,76.0,0.19402985074626866,0.31343283582089554,91.0,138.0,229.0,134.0,0.8432835820895522,1.708955223880597,35.0
Chagos Islands,12.0,16.0,28.0,1.0,2.0,3.0,1.0,1.0,2.0,4.0,7.0,11.0,0.1875,0.25,30.0,46.0,76.0,16.0,1.75,4.75,-4.0
Chameria,7.0,7.0,14.0,2.0,1.0,3.0,0.0,2.0,2.0,0.0,2.0,2.0,0.42857142857142855,0.5714285714285714,1.0,7.0,8.0,7.0,2.0,1.1428571428571428,0.0
Chechnya,2.0,1.0,3.0,0.0,0.0,0.0,1.0,0.0,1.0,0.0,2.0,2.0,0.0,0.16666666666666666,2.0,27.0,29.0,3.0,1.0,9.666666666666666,1.0
Chile,775.0,388.0,1163.0,223.0,88.0,311.0,81.0,98.0,179.0,119.0,219.0,338.0,0.3756038647342995,0.483695652173913,494.0,683.0,1177.0,828.0,1.4045893719806763,1.421497584541063,387.0
China PR,860.0,419.0,1279.0,230.0,107.0,337.0,84.0,68.0,152.0,84.0,124.0,208.0,0.4835007173601148,0.5925394548063128,377.0,386.0,763.0,697.0,1.8350071736011477,1.0946915351506457,441.0
Cilento,,0.0,0.0,,0.0,0.0,,0.0,0.0,,1.0,1.0,0.0,0.0,,2.0,2.0,1.0,0.0,2.0,
Colombia,450.0,361.0,811.0,154.0,100.0,254.0,69.0,107.0,176.0,78.0,124.0,202.0,0.40189873417721517,0.5411392405063291,293.0,436.0,729.0,632.0,1.2832278481012658,1.1534810126582278,89.0
Comoros,59.0,59.0,118.0,15.0,16.0,31.0,22.0,9.0,31.0,23.0,52.0,75.0,0.22627737226277372,0.33941605839416056,72.0,156.0,228.0,137.0,0.8613138686131386,1.6642335766423357,0.0
Congo,319.0,202.0,521.0,95.0,39.0,134.0,48.0,51.0,99.0,59.0,112.0,171.0,0.3316831683168317,0.4542079207920792,228.0,366.0,594.0,404.0,1.2896039603960396,1.4702970297029703,117.0
Cook Islands,23.0,20.0,43.0,6.0,5.0,11.0,2.0,2.0,4.0,13.0,25.0,38.0,0.20754716981132076,0.24528301886792453,104.0,160.0,264.0,53.0,0.8113207547169812,4.981132075471698,3.0
Corsica,8.0,2.0,10.0,3.0,1.0,4.0,4.0,0.0,4.0,1.0,0.0,1.0,0.4444444444444444,0.6666666666666666,5.0,0.0,5.0,9.0,1.1111111111111112,0.5555555555555556,6.0
Costa Rica,791.0,426.0,1217.0,219.0,94.0,313.0,79.0,94.0,173.0,59.0,167.0,226.0,0.4396067415730337,0.5610955056179775,297.0,541.0,838.0,712.0,1.7092696629213484,1.1769662921348314,365.0
County of Nice,7.0,12.0,19.0,2.0,4.0,6.0,1.0,0.0,1.0,1.0,1.0,2.0,0.6666666666666666,0.7222222222222222,5.0,8.0,13.0,9.0,2.111111111111111,1.4444444444444444,-5.0
Crimea,,7.0,7.0,,3.0,3.0,,0.0,0.0,,2.0,2.0,0.6,0.6,,11.0,11.0,5.0,1.4,2.2,
Croatia,383.0,294.0,677.0,114.0,91.0,205.0,50.0,54.0,104.0,25.0,56.0,81.0,0.5256410256410257,0.658974358974359,161.0,229.0,390.0,390.0,1.735897435897436,1.0,89.0
Cuba,298.0,224.0,522.0,74.0,62.0,136.0,41.0,47.0,88.0,46.0,121.0,167.0,0.34782608695652173,0.46035805626598464,179.0,421.0,600.0,391.0,1.3350383631713556,1.5345268542199488,74.0
Curaçao,354.0,253.0,607.0,84.0,53.0,137.0,53.0,44.0,97.0,44.0,95.0,139.0,0.3672922252010724,0.4973190348525469,200.0,393.0,593.0,373.0,1.6273458445040214,1.5898123324396782,101.0
Cyprus,246.0,121.0,367.0,61.0,19.0,80.0,49.0,22.0,71.0,120.0,149.0,269.0,0.19047619047619047,0.275,389.0,528.0,917.0,420.0,0.8738095238095238,2.183333333333333,125.0
Czech Republic,366.0,259.0,625.0,113.0,74.0,187.0,22.0,48.0,70.0,37.0,60.0,97.0,0.5282485875706214,0.6271186440677966,152.0,210.0,362.0,354.0,1.765536723163842,1.0225988700564972,107.0
Czechoslovakia,595.0,389.0,984.0,148.0,88.0,236.0,53.0,66.0,119.0,40.0,125.0,165.0,0.45384615384615384,0.5682692307692307,293.0,428.0,721.0,520.0,1.8923076923076922,1.3865384615384615,206.0
DR Congo,391.0,376.0,767.0,122.0,79.0,201.0,44.0,97.0,141.0,51.0,119.0,170.0,0.392578125,0.5302734375,206.0,413.0,619.0,512.0,1.498046875,1.208984375,15.0
Darfur,0.0,1.0,1.0,0.0,0.0,0.0,0.0,0.0,0.0,4.0,3.0,7.0,0.0,0.0,69.0,30.0,99.0,7.0,0.14285714285714285,14.142857142857142,-1.0
Denmark,953.0,622.0,1575.0,246.0,154.0,400.0,90.0,92.0,182.0,108.0,178.0,286.0,0.4608294930875576,0.565668202764977,519.0,645.0,1164.0,868.0,1.814516129032258,1.3410138248847927,331.0
Djibouti,38.0,36.0,74.0,6.0,1.0,7.0,6.0,4.0,10.0,39.0,54.0,93.0,0.06363636363636363,0.10909090909090909,151.0,249.0,400.0,110.0,0.6727272727272727,3.6363636363636362,2.0
Dominica,147.0,97.0,244.0,35.0,16.0,51.0,25.0,20.0,45.0,50.0,63.0,113.0,0.24401913875598086,0.35167464114832536,198.0,226.0,424.0,209.0,1.167464114832536,2.028708133971292,50.0
Dominican Republic,163.0,89.0,252.0,41.0,19.0,60.0,13.0,10.0,23.0,29.0,40.0,69.0,0.39473684210526316,0.47039473684210525,95.0,148.0,243.0,152.0,1.6578947368421053,1.5986842105263157,74.0
Donetsk PR,5.0,3.0,8.0,1.0,1.0,2.0,1.0,1.0,2.0,0.0,2.0,2.0,0.3333333333333333,0.5,2.0,5.0,7.0,6.0,1.3333333333333333,1.1666666666666667,2.0
Délvidék,4.0,,4.0,1.0,,1.0,0.0,,0.0,1.0,,1.0,0.5,0.5,3.0,,3.0,2.0,2.0,1.5,
Ecuador,415.0,293.0,708.0,121.0,59.0,180.0,69.0,85.0,154.0,77.0,174.0,251.0,0.3076923076923077,0.4393162393162393,337.0,563.0,900.0,585.0,1.2102564102564102,1.5384615384615385,122.0
Egypt,890.0,315.0,1205.0,287.0,86.0,373.0,72.0,105.0,177.0,76.0,112.0,188.0,0.505420054200542,0.6253387533875339,362.0,387.0,749.0,738.0,1.632791327913279,1.0149051490514904,575.0
El Salvador,539.0,218.0,757.0,145.0,52.0,197.0,75.0,60.0,135.0,112.0,158.0,270.0,0.3272425249169435,0.4393687707641196,418.0,500.0,918.0,602.0,1.2574750830564785,1.5249169435215948,321.0
Elba Island,5.0,,5.0,1.0,,1.0,0.0,,0.0,0.0,,0.0,1.0,1.0,0.0,,0.0,1.0,5.0,0.0,
Ellan Vannin,41.0,13.0,54.0,9.0,2.0,11.0,2.0,3.0,5.0,1.0,5.0,6.0,0.5,0.6136363636363636,14.0,18.0,32.0,22.0,2.4545454545454546,1.4545454545454546,28.0
England,1247.0,1125.0,2372.0,339.0,282.0,621.0,118.0,139.0,257.0,88.0,118.0,206.0,0.5728782287822878,0.691420664206642,477.0,562.0,1039.0,1084.0,2.188191881918819,0.9584870848708487,122.0
Equatorial Guinea,95.0,59.0,154.0,38.0,12.0,50.0,21.0,17.0,38.0,26.0,56.0,82.0,0.29411764705882354,0.40588235294117647,77.0,166.0,243.0,170.0,0.9058823529411765,1.4294117647058824,36.0
Eritrea,16.0,32.0,48.0,7.0,4.0,11.0,9.0,7.0,16.0,10.0,34.0,44.0,0.15492957746478872,0.2676056338028169,28.0,93.0,121.0,71.0,0.676056338028169,1.704225352112676,-16.0
Estonia,302.0,234.0,536.0,81.0,52.0,133.0,64.0,57.0,121.0,121.0,169.0,290.0,0.24448529411764705,0.3556985294117647,404.0,561.0,965.0,544.0,0.9852941176470589,1.7738970588235294,68.0
Eswatini,122.0,108.0,230.0,32.0,23.0,55.0,44.0,38.0,82.0,55.0,80.0,135.0,0.20220588235294118,0.35294117647058826,181.0,267.0,448.0,272.0,0.8455882352941176,1.6470588235294117,14.0
Ethiopia,374.0,171.0,545.0,109.0,33.0,142.0,66.0,26.0,92.0,62.0,109.0,171.0,0.3506172839506173,0.4641975308641975,239.0,352.0,591.0,405.0,1.345679012345679,1.4592592592592593,203.0
Falkland Islands,16.0,15.0,31.0,2.0,4.0,6.0,0.0,1.0,1.0,11.0,15.0,26.0,0.18181818181818182,0.19696969696969696,54.0,67.0,121.0,33.0,0.9393939393939394,3.6666666666666665,1.0
Faroe Islands,152.0,83.0,235.0,39.0,15.0,54.0,18.0,18.0,36.0,82.0,110.0,192.0,0.19148936170212766,0.2553191489361702,278.0,361.0,639.0,282.0,0.8333333333333334,2.265957446808511,69.0
Felvidék,3.0,11.0,14.0,1.0,4.0,5.0,1.0,1.0,2.0,1.0,4.0,5.0,0.4166666666666667,0.5,5.0,15.0,20.0,12.0,1.1666666666666667,1.6666666666666667,-8.0
Fiji,461.0,141.0,602.0,90.0,25.0,115.0,28.0,18.0,46.0,49.0,52.0,101.0,0.4389312977099237,0.5267175572519084,226.0,204.0,430.0,262.0,2.2977099236641223,1.6412213740458015,320.0
Finland,520.0,432.0,952.0,120.0,94.0,214.0,71.0,94.0,165.0,169.0,264.0,433.0,0.26354679802955666,0.36514778325123154,669.0,998.0,1667.0,812.0,1.1724137931034482,2.0529556650246303,88.0
France,1111.0,588.0,1699.0,315.0,157.0,472.0,105.0,90.0,195.0,115.0,147.0,262.0,0.5080731969860065,0.6130247578040904,585.0,618.0,1203.0,929.0,1.828848223896663,1.294940796555436,523.0
Franconia,4.0,4.0,8.0,1.0,1.0,2.0,0.0,0.0,0.0,0.0,1.0,1.0,0.6666666666666666,0.6666666666666666,2.0,9.0,11.0,3.0,2.6666666666666665,3.6666666666666665,0.0
French Guiana,144.0,123.0,267.0,32.0,22.0,54.0,18.0,21.0,39.0,31.0,55.0,86.0,0.3016759776536313,0.4106145251396648,110.0,196.0,306.0,179.0,1.4916201117318435,1.7094972067039107,21.0
Frøya,35.0,25.0,60.0,4.0,3.0,7.0,1.0,1.0,2.0,10.0,18.0,28.0,0.1891891891891892,0.21621621621621623,46.0,100.0,146.0,37.0,1.6216216216216217,3.945945945945946,10.0
Gabon,273.0,194.0,467.0,93.0,47.0,140.0,66.0,47.0,113.0,41.0,103.0,144.0,0.3526448362720403,0.49496221662468515,162.0,301.0,463.0,397.0,1.1763224181360201,1.1662468513853905,79.0
Galicia,15.0,4.0,19.0,3.0,1.0,4.0,3.0,0.0,3.0,2.0,1.0,3.0,0.4,0.55,18.0,2.0,20.0,10.0,1.9,2.0,11.0
Gambia,177.0,96.0,273.0,51.0,21.0,72.0,51.0,23.0,74.0,44.0,71.0,115.0,0.27586206896551724,0.41762452107279696,163.0,197.0,360.0,261.0,1.0459770114942528,1.3793103448275863,81.0
Georgia,212.0,163.0,375.0,61.0,37.0,98.0,35.0,28.0,63.0,45.0,95.0,140.0,0.32558139534883723,0.43023255813953487,143.0,279.0,422.0,301.0,1.2458471760797343,1.4019933554817277,49.0
German DR,254.0,252.0,506.0,77.0,63.0,140.0,30.0,36.0,66.0,25.0,67.0,92.0,0.4697986577181208,0.5805369127516778,125.0,236.0,361.0,298.0,1.6979865771812082,1.2114093959731544,2.0
Germany,1372.0,928.0,2300.0,341.0,252.0,593.0,116.0,97.0,213.0,94.0,125.0,219.0,0.5785365853658536,0.682439024390244,576.0,617.0,1193.0,1025.0,2.2439024390243905,1.1639024390243902,444.0
Ghana,603.0,444.0,1047.0,196.0,115.0,311.0,76.0,97.0,173.0,41.0,138.0,179.0,0.46907993966817496,0.5995475113122172,245.0,439.0,684.0,663.0,1.579185520361991,1.0316742081447965,159.0
Gibraltar,105.0,63.0,168.0,27.0,10.0,37.0,13.0,7.0,20.0,46.0,52.0,98.0,0.23870967741935484,0.3032258064516129,179.0,207.0,386.0,155.0,1.0838709677419356,2.490322580645161,42.0
Gotland,67.0,14.0,81.0,9.0,2.0,11.0,2.0,2.0,4.0,9.0,6.0,15.0,0.36666666666666664,0.43333333333333335,42.0,15.0,57.0,30.0,2.7,1.9,53.0
Gozo,26.0,5.0,31.0,3.0,1.0,4.0,2.0,0.0,2.0,2.0,6.0,8.0,0.2857142857142857,0.35714285714285715,12.0,16.0,28.0,14.0,2.2142857142857144,2.0,21.0
Greece,475.0,314.0,789.0,149.0,90.0,239.0,71.0,81.0,152.0,98.0,138.0,236.0,0.38118022328548645,0.5023923444976076,368.0,504.0,872.0,627.0,1.2583732057416268,1.390749601275917,161.0
Greenland,77.0,68.0,145.0,13.0,12.0,25.0,5.0,5.0,10.0,13.0,28.0,41.0,0.32894736842105265,0.39473684210526316,45.0,109.0,154.0,76.0,1.9078947368421053,2.026315789473684,9.0
Grenada,255.0,158.0,413.0,54.0,30.0,84.0,27.0,29.0,56.0,47.0,67.0,114.0,0.33070866141732286,0.4409448818897638,208.0,261.0,469.0,254.0,1.625984251968504,1.8464566929133859,97.0
Guadeloupe,277.0,186.0,463.0,70.0,45.0,115.0,23.0,24.0,47.0,49.0,60.0,109.0,0.42435424354243545,0.511070110701107,173.0,217.0,390.0,271.0,1.7084870848708487,1.4391143911439115,91.0
Guam,73.0,58.0,131.0,17.0,7.0,24.0,5.0,5.0,10.0,29.0,54.0,83.0,0.20512820512820512,0.24786324786324787,216.0,369.0,585.0,117.0,1.1196581196581197,5.0,15.0
Guatemala,492.0,269.0,761.0,133.0,63.0,196.0,76.0,62.0,138.0,73.0,136.0,209.0,0.36095764272559855,0.4880294659300184,298.0,438.0,736.0,543.0,1.401473296500921,1.3554327808471456,223.0
Guernsey,381.0,235.0,616.0,87.0,58.0,145.0,13.0,12.0,25.0,32.0,38.0,70.0,0.6041666666666666,0.65625,166.0,147.0,313.0,240.0,2.566666666666667,1.3041666666666667,146.0
Guinea,404.0,320.0,724.0,133.0,65.0,198.0,54.0,97.0,151.0,42.0,141.0,183.0,0.37218045112781956,0.5140977443609023,194.0,460.0,654.0,532.0,1.3609022556390977,1.2293233082706767,84.0
Guinea-Bissau,115.0,71.0,186.0,39.0,13.0,52.0,24.0,18.0,42.0,29.0,63.0,92.0,0.27956989247311825,0.3924731182795699,103.0,168.0,271.0,186.0,1.0,1.456989247311828,44.0
Guyana,250.0,164.0,414.0,61.0,37.0,98.0,36.0,25.0,61.0,58.0,90.0,148.0,0.31921824104234525,0.4185667752442997,241.0,305.0,546.0,307.0,1.3485342019543973,1.778501628664495,86.0
Găgăuzia,2.0,,2.0,0.0,,0.0,1.0,,1.0,2.0,,2.0,0.0,0.16666666666666666,9.0,,9.0,3.0,0.6666666666666666,3.0,
Haiti,463.0,354.0,817.0,120.0,91.0,211.0,58.0,49.0,107.0,71.0,109.0,180.0,0.42369477911646586,0.5311244979919679,263.0,408.0,671.0,498.0,1.640562248995984,1.3473895582329318,109.0
Hitra,17.0,20.0,37.0,4.0,2.0,6.0,1.0,0.0,1.0,5.0,11.0,16.0,0.2608695652173913,0.2826086956521739,37.0,55.0,92.0,23.0,1.608695652173913,4.0,-3.0
Hmong,5.0,1.0,6.0,1.0,0.0,1.0,0.0,0.0,0.0,0.0,2.0,2.0,0.3333333333333333,0.3333333333333333,4.0,6.0,10.0,3.0,2.0,3.3333333333333335,4.0
Honduras,522.0,377.0,899.0,163.0,80.0,243.0,74.0,83.0,157.0,72.0,138.0,210.0,0.3983606557377049,0.5270491803278688,286.0,506.0,792.0,610.0,1.4737704918032788,1.298360655737705,145.0
Hong Kong,439.0,194.0,633.0,99.0,41.0,140.0,62.0,32.0,94.0,103.0,103.0,206.0,0.3181818181818182,0.425,381.0,342.0,723.0,440.0,1.4386363636363637,1.643181818181818,245.0
Hungary,1127.0,875.0,2002.0,277.0,191.0,468.0,109.0,112.0,221.0,108.0,203.0,311.0,0.468,0.5785,591.0,887.0,1478.0,1000.0,2.002,1.478,252.0
Iceland,322.0,305.0,627.0,89.0,69.0,158.0,50.0,50.0,100.0,97.0,160.0,257.0,0.3067961165048544,0.40388349514563104,333.0,530.0,863.0,515.0,1.2174757281553399,1.6757281553398058,17.0
India,442.0,284.0,726.0,127.0,63.0,190.0,71.0,47.0,118.0,109.0,110.0,219.0,0.3605313092979127,0.47248576850094876,412.0,439.0,851.0,527.0,1.3776091081593929,1.6148007590132827,158.0
Indonesia,846.0,355.0,1201.0,210.0,68.0,278.0,87.0,55.0,142.0,131.0,170.0,301.0,0.3855755894590846,0.4840499306518724,547.0,625.0,1172.0,721.0,1.6657420249653259,1.625520110957004,491.0
Iran,725.0,419.0,1144.0,221.0,125.0,346.0,71.0,71.0,142.0,52.0,66.0,118.0,0.570957095709571,0.6881188118811881,228.0,252.0,480.0,606.0,1.8877887788778878,0.7920792079207921,306.0
Iraq,614.0,380.0,994.0,185.0,114.0,299.0,86.0,100.0,186.0,55.0,105.0,160.0,0.4635658914728682,0.6077519379844961,261.0,338.0,599.0,645.0,1.5410852713178294,0.9286821705426357,234.0
Iraqi Kurdistan,26.0,35.0,61.0,8.0,5.0,13.0,3.0,5.0,8.0,2.0,4.0,6.0,0.48148148148148145,0.6296296296296297,11.0,16.0,27.0,27.0,2.259259259259259,1.0,-9.0
Isle of Man,92.0,94.0,186.0,17.0,18.0,35.0,3.0,1.0,4.0,7.0,12.0,19.0,0.603448275862069,0.6379310344827587,34.0,53.0,87.0,58.0,3.206896551724138,1.5,-2.0
Isle of Wight,63.0,50.0,113.0,16.0,10.0,26.0,4.0,3.0,7.0,7.0,8.0,15.0,0.5416666666666666,0.6145833333333334,33.0,27.0,60.0,48.0,2.3541666666666665,1.25,13.0
Israel,469.0,274.0,743.0,119.0,60.0,179.0,68.0,46.0,114.0,90.0,111.0,201.0,0.3623481781376518,0.4777327935222672,360.0,374.0,734.0,494.0,1.5040485829959513,1.48582995951417,195.0
Italy,1016.0,541.0,1557.0,309.0,164.0,473.0,126.0,116.0,242.0,55.0,117.0,172.0,0.5332581736189402,0.6696730552423901,390.0,481.0,871.0,887.0,1.7553551296505072,0.9819616685456595,475.0
Ivory Coast,643.0,376.0,1019.0,205.0,112.0,317.0,74.0,87.0,161.0,37.0,109.0,146.0,0.5080128205128205,0.6370192307692307,258.0,367.0,625.0,624.0,1.6330128205128205,1.001602564102564,267.0
Jamaica,525.0,338.0,863.0,155.0,95.0,250.0,83.0,69.0,152.0,90.0,157.0,247.0,0.3852080123266564,0.50231124807396,349.0,517.0,866.0,649.0,1.3297380585516179,1.3343605546995378,187.0
Japan,923.0,512.0,1435.0,250.0,135.0,385.0,104.0,61.0,165.0,117.0,118.0,235.0,0.49044585987261147,0.5955414012738853,521.0,389.0,910.0,785.0,1.8280254777070064,1.1592356687898089,411.0
Jersey,392.0,253.0,645.0,90.0,63.0,153.0,11.0,9.0,20.0,28.0,34.0,62.0,0.6510638297872341,0.6936170212765957,145.0,140.0,285.0,235.0,2.74468085106383,1.2127659574468086,139.0
Jordan,356.0,237.0,593.0,109.0,64.0,173.0,73.0,59.0,132.0,60.0,104.0,164.0,0.36886993603411516,0.509594882729211,197.0,321.0,518.0,469.0,1.2643923240938166,1.1044776119402986,119.0
Kabylia,0.0,8.0,8.0,0.0,1.0,1.0,0.0,2.0,2.0,1.0,2.0,3.0,0.16666666666666666,0.3333333333333333,2.0,13.0,15.0,6.0,1.3333333333333333,2.5,-8.0
Kazakhstan,170.0,133.0,303.0,43.0,26.0,69.0,28.0,30.0,58.0,51.0,85.0,136.0,0.2623574144486692,0.3726235741444867,156.0,282.0,438.0,263.0,1.1520912547528517,1.6653992395437263,37.0
Kenya,653.0,319.0,972.0,200.0,67.0,267.0,98.0,74.0,172.0,100.0,161.0,261.0,0.38142857142857145,0.5042857142857143,440.0,507.0,947.0,700.0,1.3885714285714286,1.3528571428571428,334.0
Kernow,19.0,13.0,32.0,4.0,3.0,7.0,2.0,0.0,2.0,3.0,0.0,3.0,0.5833333333333334,0.6666666666666666,17.0,2.0,19.0,12.0,2.6666666666666665,1.5833333333333333,6.0
Kiribati,5.0,2.0,7.0,0.0,0.0,0.0,1.0,0.0,1.0,4.0,6.0,10.0,0.0,0.045454545454545456,68.0,58.0,126.0,11.0,0.6363636363636364,11.454545454545455,3.0
Kosovo,93.0,48.0,141.0,27.0,12.0,39.0,11.0,11.0,22.0,19.0,18.0,37.0,0.3979591836734694,0.5102040816326531,76.0,56.0,132.0,98.0,1.4387755102040816,1.346938775510204,45.0
Kuwait,656.0,398.0,1054.0,179.0,104.0,283.0,95.0,81.0,176.0,109.0,109.0,218.0,0.41802067946824223,0.5480059084194978,379.0,377.0,756.0,677.0,1.5568685376661744,1.1166912850812407,258.0
Kyrgyzstan,114.0,104.0,218.0,33.0,24.0,57.0,19.0,12.0,31.0,30.0,69.0,99.0,0.3048128342245989,0.3877005347593583,115.0,200.0,315.0,187.0,1.1657754010695187,1.6844919786096257,10.0
Kárpátalja,17.0,8.0,25.0,3.0,2.0,5.0,2.0,3.0,5.0,0.0,1.0,1.0,0.45454545454545453,0.6818181818181818,9.0,4.0,13.0,11.0,2.272727272727273,1.1818181818181819,9.0
Laos,128.0,98.0,226.0,32.0,10.0,42.0,18.0,16.0,34.0,46.0,99.0,145.0,0.19004524886877827,0.2669683257918552,221.0,470.0,691.0,221.0,1.0226244343891402,3.1266968325791855,30.0
Latvia,287.0,252.0,539.0,79.0,49.0,128.0,53.0,56.0,109.0,92.0,128.0,220.0,0.2800875273522976,0.3993435448577681,320.0,440.0,760.0,457.0,1.1794310722100656,1.663019693654267,35.0
Lebanon,235.0,140.0,375.0,57.0,33.0,90.0,51.0,41.0,92.0,51.0,96.0,147.0,0.2735562310030395,0.4133738601823708,192.0,275.0,467.0,329.0,1.1398176291793314,1.419452887537994,95.0
Lesotho,122.0,103.0,225.0,30.0,22.0,52.0,53.0,39.0,92.0,58.0,89.0,147.0,0.17869415807560138,0.33676975945017185,172.0,287.0,459.0,291.0,0.7731958762886598,1.577319587628866,19.0
Liberia,174.0,86.0,260.0,61.0,15.0,76.0,43.0,26.0,69.0,50.0,100.0,150.0,0.2576271186440678,0.37457627118644066,157.0,277.0,434.0,295.0,0.8813559322033898,1.471186440677966,88.0
Libya,363.0,133.0,496.0,110.0,31.0,141.0,52.0,36.0,88.0,40.0,109.0,149.0,0.373015873015873,0.4894179894179894,183.0,281.0,464.0,378.0,1.312169312169312,1.2275132275132274,230.0
Liechtenstein,50.0,53.0,103.0,11.0,7.0,18.0,18.0,14.0,32.0,90.0,113.0,203.0,0.07114624505928854,0.13438735177865613,294.0,416.0,710.0,253.0,0.40711462450592883,2.8063241106719365,-3.0
Lithuania,206.0,222.0,428.0,57.0,53.0,110.0,44.0,38.0,82.0,80.0,155.0,235.0,0.2576112412177986,0.35362997658079626,270.0,508.0,778.0,427.0,1.0023419203747073,1.8220140515222483,-16.0
Luhansk PR,7.0,2.0,9.0,2.0,0.0,2.0,0.0,1.0,1.0,0.0,3.0,3.0,0.3333333333333333,0.4166666666666667,4.0,8.0,12.0,6.0,1.5,2.0,5.0
Luxembourg,180.0,115.0,295.0,32.0,17.0,49.0,41.0,22.0,63.0,180.0,171.0,351.0,0.10583153347732181,0.17386609071274298,572.0,628.0,1200.0,463.0,0.6371490280777538,2.591792656587473,65.0
Macau,66.0,46.0,112.0,16.0,5.0,21.0,9.0,7.0,16.0,43.0,63.0,106.0,0.14685314685314685,0.20279720279720279,176.0,261.0,437.0,143.0,0.7832167832167832,3.055944055944056,20.0
Madagascar,260.0,164.0,424.0,78.0,38.0,116.0,46.0,26.0,72.0,40.0,86.0,126.0,0.36942675159235666,0.4840764331210191,192.0,281.0,473.0,314.0,1.3503184713375795,1.5063694267515924,96.0
Madrid,1.0,,1.0,0.0,,0.0,0.0,,0.0,1.0,,1.0,0.0,0.0,2.0,,2.0,1.0,1.0,2.0,
Malawi,499.0,249.0,748.0,160.0,57.0,217.0,109.0,70.0,179.0,98.0,143.0,241.0,0.34065934065934067,0.4811616954474097,382.0,447.0,829.0,637.0,1.1742543171114599,1.3014128728414442,250.0
Malaysia,974.0,380.0,1354.0,239.0,85.0,324.0,110.0,82.0,192.0,124.0,192.0,316.0,0.3894230769230769,0.5048076923076923,565.0,645.0,1210.0,832.0,1.6274038461538463,1.4543269230769231,594.0
Maldives,169.0,108.0,277.0,41.0,22.0,63.0,22.0,16.0,38.0,36.0,91.0,127.0,0.27631578947368424,0.35964912280701755,157.0,358.0,515.0,228.0,1.2149122807017543,2.258771929824561,61.0
Mali,419.0,314.0,733.0,142.0,87.0,229.0,61.0,85.0,146.0,44.0,140.0,184.0,0.40966010733452596,0.5402504472271914,204.0,414.0,618.0,559.0,1.3112701252236136,1.105545617173524,105.0
Malta,206.0,86.0,292.0,47.0,16.0,63.0,52.0,26.0,78.0,154.0,159.0,313.0,0.13876651982378854,0.22466960352422907,450.0,572.0,1022.0,454.0,0.6431718061674009,2.251101321585903,120.0
Manchukuo,0.0,0.0,0.0,0.0,0.0,0.0,0.0,0.0,0.0,2.0,1.0,3.0,0.0,0.0,9.0,7.0,16.0,3.0,0.0,5.333333333333333,0.0
Mapuche,3.0,,3.0,1.0,,1.0,0.0,,0.0,1.0,,1.0,0.5,0.5,2.0,,2.0,2.0,1.5,1.0,
Marshall Islands,0.0,2.0,2.0,0.0,0.0,0.0,0.0,0.0,0.0,1.0,1.0,2.0,0.0,0.0,4.0,3.0,7.0,2.0,1.0,3.5,-2.0
Martinique,355.0,229.0,584.0,89.0,56.0,145.0,37.0,46.0,83.0,36.0,63.0,99.0,0.4434250764525994,0.5703363914373089,165.0,261.0,426.0,327.0,1.7859327217125383,1.3027522935779816,126.0
Matabeleland,1.0,6.0,7.0,1.0,2.0,3.0,1.0,1.0,2.0,0.0,3.0,3.0,0.375,0.5,0.0,14.0,14.0,8.0,0.875,1.75,-5.0
Maule Sur,,2.0,2.0,,2.0,2.0,,0.0,0.0,,0.0,0.0,1.0,1.0,,0.0,0.0,2.0,1.0,0.0,
Mauritania,97.0,94.0,191.0,36.0,14.0,50.0,33.0,35.0,68.0,41.0,104.0,145.0,0.19011406844106463,0.3193916349809886,112.0,309.0,421.0,263.0,0.7262357414448669,1.6007604562737643,3.0
Mauritius,251.0,161.0,412.0,55.0,36.0,91.0,35.0,37.0,72.0,59.0,103.0,162.0,0.28,0.39076923076923076,208.0,315.0,523.0,325.0,1.2676923076923077,1.6092307692307692,90.0
Mayotte,23.0,28.0,51.0,4.0,7.0,11.0,4.0,7.0,11.0,3.0,13.0,16.0,0.2894736842105263,0.4342105263157895,18.0,38.0,56.0,38.0,1.3421052631578947,1.4736842105263157,-5.0
Menorca,37.0,19.0,56.0,9.0,2.0,11.0,0.0,6.0,6.0,4.0,4.0,8.0,0.44,0.56,8.0,24.0,32.0,25.0,2.24,1.28,18.0
Mexico,1197.0,555.0,1752.0,348.0,161.0,509.0,136.0,92.0,228.0,110.0,147.0,257.0,0.5120724346076458,0.6267605633802817,529.0,521.0,1050.0,994.0,1.7625754527162978,1.056338028169014,642.0
Micronesia,7.0,1.0,8.0,1.0,0.0,1.0,0.0,0.0,0.0,1.0,5.0,6.0,0.14285714285714285,0.14285714285714285,18.0,41.0,59.0,7.0,1.1428571428571428,8.428571428571429,6.0
Moldova,123.0,114.0,237.0,30.0,28.0,58.0,33.0,35.0,68.0,65.0,102.0,167.0,0.19795221843003413,0.31399317406143346,201.0,307.0,508.0,293.0,0.8088737201365188,1.733788395904437,9.0
Monaco,26.0,15.0,41.0,5.0,3.0,8.0,2.0,4.0,6.0,2.0,8.0,10.0,0.3333333333333333,0.4583333333333333,9.0,79.0,88.0,24.0,1.7083333333333333,3.6666666666666665,11.0
Mongolia,60.0,57.0,117.0,17.0,8.0,25.0,1.0,8.0,9.0,19.0,48.0,67.0,0.24752475247524752,0.29207920792079206,92.0,218.0,310.0,101.0,1.1584158415841583,3.0693069306930694,3.0
Montenegro,120.0,70.0,190.0,39.0,16.0,55.0,22.0,18.0,40.0,27.0,42.0,69.0,0.3353658536585366,0.4573170731707317,100.0,124.0,224.0,164.0,1.1585365853658536,1.3658536585365855,50.0
Montserrat,38.0,33.0,71.0,8.0,8.0,16.0,3.0,4.0,7.0,16.0,25.0,41.0,0.25,0.3046875,74.0,118.0,192.0,64.0,1.109375,3.0,5.0
Morocco,581.0,282.0,863.0,207.0,82.0,289.0,74.0,93.0,167.0,46.0,93.0,139.0,0.4857142857142857,0.6260504201680672,195.0,291.0,486.0,595.0,1.4504201680672268,0.8168067226890756,299.0
Mozambique,227.0,152.0,379.0,73.0,43.0,116.0,49.0,45.0,94.0,51.0,105.0,156.0,0.31693989071038253,0.4453551912568306,182.0,288.0,470.0,366.0,1.03551912568306,1.284153005464481,75.0
Myanmar,586.0,227.0,813.0,163.0,46.0,209.0,53.0,37.0,90.0,82.0,127.0,209.0,0.41141732283464566,0.5,345.0,487.0,832.0,508.0,1.6003937007874016,1.6377952755905512,359.0
Namibia,158.0,112.0,270.0,45.0,24.0,69.0,43.0,34.0,77.0,42.0,85.0,127.0,0.25274725274725274,0.39377289377289376,143.0,248.0,391.0,273.0,0.989010989010989,1.4322344322344323,46.0
Nepal,152.0,74.0,226.0,49.0,14.0,63.0,23.0,23.0,46.0,54.0,101.0,155.0,0.23863636363636365,0.32575757575757575,190.0,405.0,595.0,264.0,0.8560606060606061,2.253787878787879,78.0
Netherlands,1129.0,702.0,1831.0,272.0,178.0,450.0,109.0,87.0,196.0,90.0,137.0,227.0,0.5154639175257731,0.6277205040091638,483.0,588.0,1071.0,873.0,2.0973654066437573,1.2268041237113403,427.0
New Caledonia,430.0,268.0,698.0,92.0,44.0,136.0,16.0,18.0,34.0,38.0,56.0,94.0,0.5151515151515151,0.5795454545454546,165.0,203.0,368.0,264.0,2.643939393939394,1.393939393939394,162.0
New Zealand,408.0,316.0,724.0,95.0,76.0,171.0,27.0,46.0,73.0,45.0,121.0,166.0,0.4170731707317073,0.5060975609756098,206.0,406.0,612.0,410.0,1.7658536585365854,1.4926829268292683,92.0
Nicaragua,111.0,117.0,228.0,30.0,19.0,49.0,10.0,15.0,25.0,32.0,105.0,137.0,0.23222748815165878,0.2914691943127962,110.0,402.0,512.0,211.0,1.080568720379147,2.4265402843601898,-6.0
Niger,153.0,93.0,246.0,44.0,15.0,59.0,29.0,30.0,59.0,43.0,91.0,134.0,0.23412698412698413,0.35119047619047616,152.0,263.0,415.0,252.0,0.9761904761904762,1.6468253968253967,60.0
Nigeria,598.0,377.0,975.0,195.0,107.0,302.0,77.0,109.0,186.0,38.0,117.0,155.0,0.46967340590979784,0.614307931570762,231.0,413.0,644.0,643.0,1.516329704510109,1.0015552099533438,221.0
Niue,0.0,,0.0,0.0,,0.0,0.0,,0.0,2.0,,2.0,0.0,0.0,33.0,,33.0,2.0,0.0,16.5,
North Korea,319.0,303.0,622.0,89.0,72.0,161.0,31.0,75.0,106.0,31.0,91.0,122.0,0.4138817480719794,0.5501285347043702,132.0,302.0,434.0,389.0,1.5989717223650386,1.1156812339331619,16.0
North Macedonia,206.0,158.0,364.0,60.0,35.0,95.0,35.0,42.0,77.0,55.0,73.0,128.0,0.31666666666666665,0.445,175.0,222.0,397.0,300.0,1.2133333333333334,1.3233333333333333,48.0
North Vietnam,18.0,31.0,49.0,3.0,4.0,7.0,0.0,3.0,3.0,2.0,12.0,14.0,0.2916666666666667,0.3541666666666667,9.0,43.0,52.0,24.0,2.0416666666666665,2.1666666666666665,-13.0
Northern Cyprus,75.0,23.0,98.0,15.0,5.0,20.0,5.0,2.0,7.0,2.0,5.0,7.0,0.5882352941176471,0.6911764705882353,13.0,18.0,31.0,34.0,2.8823529411764706,0.9117647058823529,52.0
Northern Ireland,427.0,310.0,737.0,115.0,68.0,183.0,74.0,85.0,159.0,148.0,211.0,359.0,0.26105563480741795,0.3744650499286733,548.0,741.0,1289.0,701.0,1.0513552068473608,1.8388017118402282,117.0
Northern Mariana Islands,20.0,7.0,27.0,3.0,1.0,4.0,3.0,0.0,3.0,9.0,14.0,23.0,0.13333333333333333,0.18333333333333332,50.0,79.0,129.0,30.0,0.9,4.3,13.0
Norway,735.0,603.0,1338.0,183.0,142.0,325.0,105.0,89.0,194.0,145.0,202.0,347.0,0.37528868360277134,0.48729792147806006,585.0,825.0,1410.0,866.0,1.5450346420323327,1.628175519630485,132.0
Occitania,67.0,36.0,103.0,12.0,7.0,19.0,3.0,3.0,6.0,5.0,3.0,8.0,0.5757575757575758,0.6666666666666666,29.0,9.0,38.0,33.0,3.121212121212121,1.1515151515151516,31.0
Oman,444.0,252.0,696.0,139.0,65.0,204.0,77.0,58.0,135.0,88.0,109.0,197.0,0.3805970149253731,0.5065298507462687,294.0,381.0,675.0,536.0,1.2985074626865671,1.2593283582089552,192.0
Orkney,27.0,11.0,38.0,7.0,2.0,9.0,1.0,0.0,1.0,10.0,8.0,18.0,0.32142857142857145,0.3392857142857143,40.0,44.0,84.0,28.0,1.3571428571428572,3.0,16.0
Padania,66.0,54.0,120.0,20.0,10.0,30.0,5.0,3.0,8.0,3.0,3.0,6.0,0.6818181818181818,0.7727272727272727,18.0,15.0,33.0,44.0,2.727272727272727,0.75,12.0
Pakistan,122.0,102.0,224.0,32.0,18.0,50.0,17.0,24.0,41.0,47.0,103.0,150.0,0.2074688796680498,0.2925311203319502,205.0,362.0,567.0,241.0,0.9294605809128631,2.3526970954356847,20.0
Palau,4.0,,4.0,0.0,,0.0,0.0,,0.0,2.0,,2.0,0.0,0.0,21.0,,21.0,2.0,2.0,10.5,
Palestine,173.0,145.0,318.0,35.0,33.0,68.0,24.0,41.0,65.0,26.0,77.0,103.0,0.288135593220339,0.4258474576271186,109.0,229.0,338.0,236.0,1.347457627118644,1.4322033898305084,28.0
Panama,378.0,274.0,652.0,110.0,65.0,175.0,64.0,63.0,127.0,66.0,155.0,221.0,0.33460803059273425,0.4560229445506692,274.0,531.0,805.0,523.0,1.2466539196940727,1.5391969407265775,104.0
Panjab,25.0,29.0,54.0,3.0,6.0,9.0,2.0,1.0,3.0,2.0,5.0,7.0,0.47368421052631576,0.5526315789473685,9.0,21.0,30.0,19.0,2.8421052631578947,1.5789473684210527,-4.0
Papua New Guinea,127.0,198.0,325.0,24.0,24.0,48.0,17.0,10.0,27.0,26.0,48.0,74.0,0.3221476510067114,0.412751677852349,99.0,207.0,306.0,149.0,2.1812080536912752,2.053691275167785,-71.0
Paraguay,441.0,553.0,994.0,141.0,131.0,272.0,78.0,130.0,208.0,68.0,230.0,298.0,0.3496143958868895,0.4832904884318766,302.0,806.0,1108.0,778.0,1.2776349614395888,1.424164524421594,-112.0
Parishes of Jersey,11.0,0.0,11.0,2.0,0.0,2.0,0.0,0.0,0.0,0.0,1.0,1.0,0.6666666666666666,0.6666666666666666,3.0,1.0,4.0,3.0,3.6666666666666665,1.3333333333333333,11.0
Peru,463.0,389.0,852.0,147.0,83.0,230.0,73.0,101.0,174.0,104.0,200.0,304.0,0.3248587570621469,0.4477401129943503,368.0,619.0,987.0,708.0,1.2033898305084745,1.3940677966101696,74.0
Philippines,219.0,174.0,393.0,57.0,31.0,88.0,27.0,25.0,52.0,54.0,141.0,195.0,0.2626865671641791,0.3402985074626866,234.0,540.0,774.0,335.0,1.173134328358209,2.31044776119403,45.0
Poland,827.0,662.0,1489.0,221.0,161.0,382.0,104.0,119.0,223.0,100.0,181.0,281.0,0.43115124153498874,0.5569977426636569,463.0,727.0,1190.0,886.0,1.68058690744921,1.3431151241534989,165.0
Portugal,767.0,445.0,1212.0,217.0,128.0,345.0,89.0,69.0,158.0,60.0,126.0,186.0,0.5007256894049347,0.6153846153846154,333.0,440.0,773.0,689.0,1.7590711175616836,1.1219158200290276,322.0
Provence,18.0,29.0,47.0,3.0,3.0,6.0,1.0,0.0,1.0,5.0,7.0,12.0,0.3157894736842105,0.34210526315789475,30.0,24.0,54.0,19.0,2.473684210526316,2.8421052631578947,-11.0
Puerto Rico,131.0,66.0,197.0,23.0,15.0,38.0,15.0,11.0,26.0,33.0,61.0,94.0,0.24050632911392406,0.3227848101265823,134.0,243.0,377.0,158.0,1.2468354430379747,2.3860759493670884,65.0
Qatar,612.0,281.0,893.0,180.0,80.0,260.0,93.0,60.0,153.0,100.0,116.0,216.0,0.4133545310015898,0.5349761526232114,381.0,378.0,759.0,629.0,1.4197138314785374,1.206677265500795,331.0
Raetia,22.0,21.0,43.0,4.0,2.0,6.0,1.0,4.0,5.0,5.0,10.0,15.0,0.23076923076923078,0.3269230769230769,32.0,71.0,103.0,26.0,1.6538461538461537,3.9615384615384617,1.0
Republic of Ireland,525.0,319.0,844.0,156.0,83.0,239.0,95.0,81.0,176.0,91.0,120.0,211.0,0.3817891373801917,0.5223642172523961,358.0,406.0,764.0,626.0,1.3482428115015974,1.220447284345048,206.0
Republic of St. Pauli,10.0,,10.0,1.0,,1.0,1.0,,1.0,2.0,,2.0,0.25,0.375,5.0,,5.0,4.0,2.5,1.25,
Rhodes,21.0,8.0,29.0,8.0,3.0,11.0,1.0,1.0,2.0,2.0,3.0,5.0,0.6111111111111112,0.6666666666666666,12.0,7.0,19.0,18.0,1.6111111111111112,1.0555555555555556,13.0
Romani people,4.0,9.0,13.0,1.0,1.0,2.0,0.0,0.0,0.0,2.0,3.0,5.0,0.2857142857142857,0.2857142857142857,6.0,20.0,26.0,7.0,1.8571428571428572,3.7142857142857144,-5.0
Romania,694.0,532.0,1226.0,205.0,127.0,332.0,80.0,114.0,194.0,75.0,158.0,233.0,0.43741765480895917,0.5652173913043478,366.0,602.0,968.0,759.0,1.6152832674571804,1.2753623188405796,162.0
Russia,666.0,625.0,1291.0,201.0,181.0,382.0,74.0,121.0,195.0,50.0,115.0,165.0,0.5148247978436657,0.6462264150943396,272.0,457.0,729.0,742.0,1.7398921832884098,0.9824797843665768,41.0
Rwanda,178.0,103.0,281.0,57.0,28.0,85.0,46.0,28.0,74.0,40.0,76.0,116.0,0.3090909090909091,0.44363636363636366,135.0,197.0,332.0,275.0,1.0218181818181817,1.2072727272727273,75.0
Ryūkyū,0.0,,0.0,0.0,,0.0,0.0,,0.0,1.0,,1.0,0.0,0.0,9.0,,9.0,1.0,0.0,9.0,
Réunion,129.0,90.0,219.0,34.0,19.0,53.0,9.0,13.0,22.0,24.0,25.0,49.0,0.4274193548387097,0.5161290322580645,90.0,130.0,220.0,124.0,1.7661290322580645,1.7741935483870968,39.0
Saare County,22.0,19.0,41.0,4.0,1.0,5.0,0.0,5.0,5.0,11.0,14.0,25.0,0.14285714285714285,0.21428571428571427,37.0,52.0,89.0,35.0,1.1714285714285715,2.5428571428571427,3.0
Saarland,5.0,5.0,10.0,0.0,1.0,1.0,2.0,0.0,2.0,4.0,2.0,6.0,0.1111111111111111,0.2222222222222222,18.0,8.0,26.0,9.0,1.1111111111111112,2.888888888888889,0.0
Saint Barthélemy,22.0,3.0,25.0,4.0,0.0,4.0,0.0,1.0,1.0,3.0,2.0,5.0,0.4,0.45,23.0,7.0,30.0,10.0,2.5,3.0,19.0
Saint Helena,1.0,5.0,6.0,0.0,0.0,0.0,0.0,0.0,0.0,2.0,6.0,8.0,0.0,0.0,11.0,30.0,41.0,8.0,0.75,5.125,-4.0
Saint Kitts and Nevis,246.0,131.0,377.0,59.0,30.0,89.0,27.0,14.0,41.0,36.0,54.0,90.0,0.40454545454545454,0.49772727272727274,149.0,202.0,351.0,220.0,1.7136363636363636,1.5954545454545455,115.0
Saint Lucia,184.0,139.0,323.0,46.0,33.0,79.0,16.0,17.0,33.0,43.0,70.0,113.0,0.3511111111111111,0.42444444444444446,178.0,243.0,421.0,225.0,1.4355555555555555,1.8711111111111112,45.0
Saint Martin,41.0,52.0,93.0,13.0,9.0,22.0,2.0,3.0,5.0,9.0,28.0,37.0,0.34375,0.3828125,52.0,112.0,164.0,64.0,1.453125,2.5625,-11.0
Saint Pierre and Miquelon,1.0,1.0,2.0,0.0,0.0,0.0,0.0,0.0,0.0,1.0,6.0,7.0,0.0,0.0,16.0,62.0,78.0,7.0,0.2857142857142857,11.142857142857142,0.0
Saint Vincent and the Grenadines,180.0,178.0,358.0,49.0,36.0,85.0,19.0,32.0,51.0,36.0,58.0,94.0,0.3695652173913043,0.48043478260869565,147.0,285.0,432.0,230.0,1.5565217391304347,1.8782608695652174,2.0
Samoa,73.0,26.0,99.0,19.0,3.0,22.0,3.0,1.0,4.0,17.0,28.0,45.0,0.30985915492957744,0.3380281690140845,92.0,157.0,249.0,71.0,1.3943661971830985,3.507042253521127,47.0
San Marino,24.0,16.0,40.0,2.0,1.0,3.0,6.0,4.0,10.0,103.0,103.0,206.0,0.0136986301369863,0.0365296803652968,371.0,505.0,876.0,219.0,0.182648401826484,4.0,8.0
Sark,0.0,0.0,0.0,0.0,0.0,0.0,0.0,0.0,0.0,1.0,3.0,4.0,0.0,0.0,20.0,50.0,70.0,4.0,0.0,17.5,0.0
Saudi Arabia,749.0,376.0,1125.0,233.0,113.0,346.0,95.0,74.0,169.0,98.0,116.0,214.0,0.47462277091906724,0.5905349794238683,380.0,382.0,762.0,729.0,1.5432098765432098,1.045267489711934,373.0
Saugeais,1.0,,1.0,0.0,,0.0,1.0,,1.0,0.0,,0.0,0.0,0.5,1.0,,1.0,1.0,1.0,1.0,
Scotland,780.0,660.0,1440.0,230.0,169.0,399.0,88.0,94.0,182.0,94.0,170.0,264.0,0.47218934911242605,0.5798816568047337,416.0,626.0,1042.0,845.0,1.7041420118343196,1.2331360946745562,120.0
Sealand,13.0,14.0,27.0,2.0,2.0,4.0,2.0,3.0,5.0,3.0,0.0,3.0,0.3333333333333333,0.5416666666666666,22.0,8.0,30.0,12.0,2.25,2.5,-1.0
Seborga,2.0,,2.0,0.0,,0.0,0.0,,0.0,1.0,,1.0,0.0,0.0,3.0,,3.0,1.0,2.0,3.0,
Senegal,450.0,402.0,852.0,166.0,122.0,288.0,66.0,101.0,167.0,39.0,129.0,168.0,0.4622792937399679,0.5963081861958266,174.0,414.0,588.0,623.0,1.3675762439807384,0.9438202247191011,48.0
Serbia,246.0,279.0,525.0,71.0,82.0,153.0,35.0,54.0,89.0,27.0,71.0,98.0,0.45,0.5808823529411765,124.0,239.0,363.0,340.0,1.5441176470588236,1.0676470588235294,-33.0
Seychelles,82.0,53.0,135.0,21.0,5.0,26.0,13.0,17.0,30.0,47.0,73.0,120.0,0.14772727272727273,0.23295454545454544,149.0,249.0,398.0,176.0,0.7670454545454546,2.2613636363636362,29.0
Shetland,46.0,55.0,101.0,14.0,7.0,21.0,5.0,4.0,9.0,5.0,23.0,28.0,0.3620689655172414,0.4396551724137931,34.0,79.0,113.0,58.0,1.7413793103448276,1.9482758620689655,-9.0
Sierra Leone,157.0,129.0,286.0,63.0,27.0,90.0,34.0,42.0,76.0,27.0,103.0,130.0,0.30405405405405406,0.43243243243243246,103.0,305.0,408.0,296.0,0.9662162162162162,1.3783783783783783,28.0
Silesia,24.0,,24.0,3.0,,3.0,2.0,,2.0,3.0,,3.0,0.375,0.5,17.0,,17.0,8.0,3.0,2.125,
Singapore,634.0,292.0,926.0,149.0,67.0,216.0,78.0,62.0,140.0,139.0,195.0,334.0,0.3130434782608696,0.4144927536231884,585.0,676.0,1261.0,690.0,1.3420289855072465,1.827536231884058,342.0
Sint Maarten,56.0,26.0,82.0,11.0,7.0,18.0,5.0,3.0,8.0,11.0,19.0,30.0,0.32142857142857145,0.39285714285714285,52.0,97.0,149.0,56.0,1.4642857142857142,2.6607142857142856,30.0
Slovakia,268.0,240.0,508.0,75.0,71.0,146.0,45.0,40.0,85.0,43.0,87.0,130.0,0.40443213296398894,0.5221606648199446,164.0,281.0,445.0,361.0,1.407202216066482,1.2326869806094183,28.0
Slovenia,222.0,164.0,386.0,68.0,45.0,113.0,35.0,49.0,84.0,50.0,63.0,113.0,0.36451612903225805,0.5,177.0,184.0,361.0,310.0,1.2451612903225806,1.164516129032258,58.0
Solomon Islands,272.0,178.0,450.0,55.0,34.0,89.0,13.0,22.0,35.0,28.0,55.0,83.0,0.42995169082125606,0.5144927536231884,152.0,245.0,397.0,207.0,2.1739130434782608,1.9178743961352658,94.0
Somalia,26.0,34.0,60.0,6.0,4.0,10.0,7.0,7.0,14.0,36.0,62.0,98.0,0.08196721311475409,0.13934426229508196,120.0,209.0,329.0,122.0,0.4918032786885246,2.69672131147541,-8.0
Somaliland,9.0,5.0,14.0,1.0,1.0,2.0,1.0,0.0,1.0,1.0,2.0,3.0,0.3333333333333333,0.4166666666666667,7.0,13.0,20.0,6.0,2.3333333333333335,3.3333333333333335,4.0
South Africa,389.0,245.0,634.0,145.0,64.0,209.0,89.0,54.0,143.0,43.0,73.0,116.0,0.4465811965811966,0.5993589743589743,190.0,251.0,441.0,468.0,1.3547008547008548,0.9423076923076923,144.0
South Korea,1106.0,677.0,1783.0,325.0,209.0,534.0,128.0,124.0,252.0,94.0,121.0,215.0,0.5334665334665335,0.6593406593406593,419.0,490.0,909.0,1001.0,1.7812187812187812,0.9080919080919081,429.0
South Ossetia,9.0,26.0,35.0,2.0,3.0,5.0,2.0,1.0,3.0,4.0,4.0,8.0,0.3125,0.40625,16.0,18.0,34.0,16.0,2.1875,2.125,-17.0
South Sudan,31.0,16.0,47.0,7.0,4.0,11.0,10.0,6.0,16.0,19.0,29.0,48.0,0.14666666666666667,0.25333333333333335,55.0,80.0,135.0,75.0,0.6266666666666667,1.8,15.0
South Yemen,,1.0,1.0,,0.0,0.0,,0.0,0.0,,3.0,3.0,0.0,0.0,,8.0,8.0,3.0,0.3333333333333333,2.6666666666666665,
Spain,971.0,618.0,1589.0,280.0,178.0,458.0,73.0,106.0,179.0,52.0,88.0,140.0,0.5894465894465895,0.7046332046332047,299.0,400.0,699.0,777.0,2.045045045045045,0.8996138996138996,353.0
Sri Lanka,152.0,83.0,235.0,35.0,13.0,48.0,27.0,20.0,47.0,52.0,98.0,150.0,0.19591836734693877,0.29183673469387755,207.0,353.0,560.0,245.0,0.9591836734693877,2.2857142857142856,69.0
Sudan,276.0,227.0,503.0,91.0,58.0,149.0,52.0,64.0,116.0,55.0,138.0,193.0,0.32532751091703055,0.4519650655021834,207.0,407.0,614.0,458.0,1.0982532751091703,1.3406113537117903,49.0
Suriname,426.0,312.0,738.0,103.0,67.0,170.0,36.0,53.0,89.0,38.0,93.0,131.0,0.4358974358974359,0.55,199.0,357.0,556.0,390.0,1.8923076923076922,1.4256410256410257,114.0
Surrey,,3.0,3.0,,1.0,1.0,,0.0,0.0,,0.0,0.0,1.0,1.0,,1.0,1.0,1.0,3.0,1.0,
Sweden,1236.0,924.0,2160.0,313.0,226.0,539.0,107.0,124.0,231.0,111.0,214.0,325.0,0.4922374429223744,0.597716894977169,600.0,808.0,1408.0,1095.0,1.9726027397260273,1.2858447488584475,312.0
Switzerland,772.0,534.0,1306.0,199.0,115.0,314.0,102.0,98.0,200.0,142.0,221.0,363.0,0.3580387685290764,0.47206385404789053,608.0,828.0,1436.0,877.0,1.4891676168757126,1.637400228050171,238.0
Syria,343.0,331.0,674.0,87.0,81.0,168.0,42.0,76.0,118.0,50.0,139.0,189.0,0.35368421052631577,0.47789473684210526,181.0,450.0,631.0,475.0,1.4189473684210527,1.328421052631579,12.0
Székely Land,38.0,18.0,56.0,7.0,2.0,9.0,1.0,2.0,3.0,4.0,11.0,15.0,0.3333333333333333,0.3888888888888889,19.0,37.0,56.0,27.0,2.074074074074074,2.074074074074074,20.0
Sápmi,72.0,18.0,90.0,10.0,2.0,12.0,1.0,1.0,2.0,8.0,7.0,15.0,0.41379310344827586,0.4482758620689655,27.0,27.0,54.0,29.0,3.103448275862069,1.8620689655172413,54.0
São Tomé and Príncipe,25.0,28.0,53.0,8.0,1.0,9.0,4.0,6.0,10.0,18.0,34.0,52.0,0.1267605633802817,0.19718309859154928,56.0,126.0,182.0,71.0,0.7464788732394366,2.563380281690141,-3.0
Tahiti,359.0,298.0,657.0,72.0,59.0,131.0,13.0,18.0,31.0,31.0,49.0,80.0,0.5413223140495868,0.6053719008264463,138.0,233.0,371.0,242.0,2.7148760330578514,1.5330578512396693,61.0
Taiwan,103.0,199.0,302.0,31.0,33.0,64.0,8.0,21.0,29.0,33.0,106.0,139.0,0.27586206896551724,0.33836206896551724,119.0,468.0,587.0,232.0,1.3017241379310345,2.5301724137931036,-96.0
Tajikistan,160.0,125.0,285.0,42.0,32.0,74.0,16.0,26.0,42.0,25.0,55.0,80.0,0.37755102040816324,0.4846938775510204,88.0,188.0,276.0,196.0,1.4540816326530612,1.4081632653061225,35.0
Tamil Eelam,28.0,30.0,58.0,6.0,6.0,12.0,0.0,0.0,0.0,5.0,7.0,12.0,0.5,0.5,30.0,30.0,60.0,24.0,2.4166666666666665,2.5,-2.0
Tanzania,390.0,255.0,645.0,112.0,48.0,160.0,87.0,82.0,169.0,92.0,169.0,261.0,0.2711864406779661,0.41440677966101697,346.0,536.0,882.0,590.0,1.0932203389830508,1.494915254237288,135.0
Thailand,868.0,505.0,1373.0,243.0,92.0,335.0,98.0,106.0,204.0,119.0,201.0,320.0,0.389988358556461,0.5087310826542492,521.0,755.0,1276.0,859.0,1.5983701979045402,1.4854481955762515,363.0
Tibet,3.0,11.0,14.0,0.0,0.0,0.0,1.0,1.0,2.0,4.0,10.0,14.0,0.0,0.0625,16.0,50.0,66.0,16.0,0.875,4.125,-8.0
Ticino,1.0,1.0,2.0,0.0,0.0,0.0,0.0,0.0,0.0,1.0,1.0,2.0,0.0,0.0,8.0,5.0,13.0,2.0,1.0,6.5,0.0
Timor-Leste,26.0,43.0,69.0,6.0,3.0,9.0,2.0,3.0,5.0,17.0,52.0,69.0,0.10843373493975904,0.13855421686746988,80.0,192.0,272.0,83.0,0.8313253012048193,3.2771084337349397,-17.0
Togo,254.0,226.0,480.0,88.0,50.0,138.0,46.0,66.0,112.0,47.0,144.0,191.0,0.3129251700680272,0.4399092970521542,172.0,443.0,615.0,441.0,1.08843537414966,1.3945578231292517,28.0
Tonga,37.0,44.0,81.0,9.0,7.0,16.0,1.0,5.0,6.0,19.0,27.0,46.0,0.23529411764705882,0.27941176470588236,86.0,167.0,253.0,68.0,1.1911764705882353,3.7205882352941178,-7.0
Trinidad and Tobago,705.0,545.0,1250.0,190.0,129.0,319.0,72.0,87.0,159.0,76.0,185.0,261.0,0.4316644113667118,0.5392422192151556,331.0,646.0,977.0,739.0,1.6914749661705006,1.3220568335588634,160.0
Tunisia,607.0,346.0,953.0,200.0,91.0,291.0,86.0,97.0,183.0,60.0,128.0,188.0,0.4395770392749245,0.5777945619335347,266.0,402.0,668.0,662.0,1.4395770392749245,1.0090634441087614,261.0
Turkey,475.0,412.0,887.0,140.0,114.0,254.0,74.0,77.0,151.0,88.0,143.0,231.0,0.39937106918238996,0.5180817610062893,358.0,543.0,901.0,636.0,1.3946540880503144,1.4166666666666667,63.0
Turkmenistan,126.0,129.0,255.0,34.0,27.0,61.0,14.0,18.0,32.0,19.0,59.0,78.0,0.3567251461988304,0.4502923976608187,74.0,189.0,263.0,171.0,1.4912280701754386,1.5380116959064327,-3.0
Turks and Caicos Islands,24.0,28.0,52.0,7.0,5.0,12.0,2.0,4.0,6.0,13.0,21.0,34.0,0.23076923076923078,0.28846153846153844,73.0,114.0,187.0,52.0,1.0,3.5961538461538463,-4.0
Tuvalu,18.0,27.0,45.0,5.0,3.0,8.0,1.0,3.0,4.0,7.0,20.0,27.0,0.20512820512820512,0.2564102564102564,42.0,166.0,208.0,39.0,1.1538461538461537,5.333333333333333,-9.0
Two Sicilies,,3.0,3.0,,1.0,1.0,,0.0,0.0,,5.0,5.0,0.16666666666666666,0.16666666666666666,,18.0,18.0,6.0,0.5,3.0,
Uganda,593.0,431.0,1024.0,175.0,108.0,283.0,75.0,106.0,181.0,55.0,159.0,214.0,0.4174041297935103,0.5508849557522124,267.0,528.0,795.0,678.0,1.5103244837758112,1.1725663716814159,162.0
Ukraine,241.0,227.0,468.0,85.0,64.0,149.0,47.0,47.0,94.0,28.0,61.0,89.0,0.44879518072289154,0.5903614457831325,123.0,226.0,349.0,332.0,1.4096385542168675,1.0512048192771084,14.0
United Arab Emirates,585.0,274.0,859.0,172.0,73.0,245.0,84.0,65.0,149.0,90.0,121.0,211.0,0.4049586776859504,0.528099173553719,377.0,372.0,749.0,605.0,1.4198347107438016,1.2380165289256198,311.0
United Koreans in Japan,9.0,11.0,20.0,2.0,1.0,3.0,4.0,2.0,6.0,2.0,1.0,3.0,0.25,0.5,7.0,4.0,11.0,12.0,1.6666666666666667,0.9166666666666666,-2.0
United States,869.0,318.0,1187.0,269.0,79.0,348.0,105.0,56.0,161.0,119.0,156.0,275.0,0.44387755102040816,0.5465561224489796,501.0,534.0,1035.0,784.0,1.5140306122448979,1.3201530612244898,551.0
United States Virgin Islands,23.0,26.0,49.0,3.0,6.0,9.0,6.0,6.0,12.0,24.0,31.0,55.0,0.11842105263157894,0.19736842105263158,118.0,173.0,291.0,76.0,0.6447368421052632,3.8289473684210527,-3.0
Uruguay,694.0,828.0,1522.0,217.0,208.0,425.0,102.0,134.0,236.0,64.0,237.0,301.0,0.4417879417879418,0.5644490644490644,343.0,826.0,1169.0,962.0,1.5821205821205822,1.2151767151767152,-134.0
Uzbekistan,322.0,283.0,605.0,97.0,70.0,167.0,36.0,34.0,70.0,26.0,84.0,110.0,0.4812680115273775,0.5821325648414986,108.0,279.0,387.0,347.0,1.7435158501440922,1.1152737752161384,39.0
Vanuatu,155.0,237.0,392.0,28.0,38.0,66.0,16.0,11.0,27.0,38.0,76.0,114.0,0.3188405797101449,0.38405797101449274,144.0,305.0,449.0,207.0,1.893719806763285,2.1690821256038646,-82.0
Vatican City,2.0,2.0,4.0,0.0,0.0,0.0,2.0,1.0,3.0,1.0,3.0,4.0,0.0,0.21428571428571427,4.0,13.0,17.0,7.0,0.5714285714285714,2.4285714285714284,0.0
Venezuela,253.0,222.0,475.0,66.0,48.0,114.0,54.0,46.0,100.0,73.0,167.0,240.0,0.2511013215859031,0.36123348017621143,293.0,558.0,851.0,454.0,1.0462555066079295,1.8744493392070485,31.0
Vietnam,317.0,163.0,480.0,85.0,39.0,124.0,33.0,26.0,59.0,47.0,63.0,110.0,0.4232081911262799,0.5238907849829352,178.0,227.0,405.0,293.0,1.6382252559726962,1.3822525597269624,154.0
Vietnam Republic,138.0,226.0,364.0,37.0,45.0,82.0,8.0,29.0,37.0,15.0,61.0,76.0,0.4205128205128205,0.5153846153846153,73.0,239.0,312.0,195.0,1.8666666666666667,1.6,-88.0
Wales,516.0,382.0,898.0,139.0,93.0,232.0,90.0,72.0,162.0,127.0,199.0,326.0,0.32222222222222224,0.43472222222222223,481.0,673.0,1154.0,720.0,1.2472222222222222,1.6027777777777779,134.0
Wallis Islands and Futuna,8.0,15.0,23.0,2.0,3.0,5.0,0.0,0.0,0.0,1.0,18.0,19.0,0.20833333333333334,0.20833333333333334,6.0,103.0,109.0,24.0,0.9583333333333334,4.541666666666667,-7.0
West Papua,1.0,,1.0,0.0,,0.0,1.0,,1.0,0.0,,0.0,0.0,0.5,1.0,,1.0,1.0,1.0,1.0,
Western Armenia,7.0,27.0,34.0,1.0,4.0,5.0,0.0,4.0,4.0,4.0,3.0,7.0,0.3125,0.4375,10.0,10.0,20.0,16.0,2.125,1.25,-20.0
Western Australia,3.0,60.0,63.0,1.0,10.0,11.0,0.0,3.0,3.0,0.0,18.0,18.0,0.34375,0.390625,2.0,73.0,75.0,32.0,1.96875,2.34375,-57.0
Western Isles,29.0,22.0,51.0,7.0,6.0,13.0,1.0,3.0,4.0,5.0,12.0,17.0,0.38235294117647056,0.4411764705882353,30.0,47.0,77.0,34.0,1.5,2.264705882352941,7.0
Western Sahara,10.0,1.0,11.0,2.0,0.0,2.0,0.0,0.0,0.0,1.0,2.0,3.0,0.4,0.4,7.0,9.0,16.0,5.0,2.2,3.2,9.0
Yemen,136.0,101.0,237.0,34.0,16.0,50.0,30.0,23.0,53.0,52.0,107.0,159.0,0.19083969465648856,0.2919847328244275,172.0,400.0,572.0,262.0,0.9045801526717557,2.183206106870229,35.0
Yemen DPR,3.0,22.0,25.0,1.0,4.0,5.0,0.0,3.0,3.0,1.0,16.0,17.0,0.2,0.26,4.0,65.0,69.0,25.0,1.0,2.76,-19.0
Ynys Môn,66.0,59.0,125.0,20.0,17.0,37.0,5.0,6.0,11.0,7.0,12.0,19.0,0.5522388059701493,0.6343283582089553,33.0,63.0,96.0,67.0,1.8656716417910448,1.4328358208955223,7.0
Yorkshire,19.0,8.0,27.0,4.0,1.0,5.0,1.0,0.0,1.0,0.0,1.0,1.0,0.7142857142857143,0.7857142857142857,7.0,4.0,11.0,7.0,3.857142857142857,1.5714285714285714,11.0
Yoruba Nation,1.0,,1.0,0.0,,0.0,1.0,,1.0,1.0,,1.0,0.0,0.25,2.0,,2.0,2.0,0.5,1.0,
Yugoslavia,439.0,504.0,943.0,108.0,115.0,223.0,37.0,61.0,98.0,45.0,119.0,164.0,0.45979381443298967,0.5608247422680412,236.0,524.0,760.0,485.0,1.9443298969072165,1.5670103092783505,-65.0
Zambia,625.0,602.0,1227.0,182.0,174.0,356.0,94.0,107.0,201.0,54.0,174.0,228.0,0.4535031847133758,0.5815286624203821,284.0,552.0,836.0,785.0,1.5630573248407644,1.064968152866242,23.0
Zanzibar,67.0,124.0,191.0,20.0,24.0,44.0,10.0,31.0,41.0,32.0,92.0,124.0,0.21052631578947367,0.30861244019138756,102.0,334.0,436.0,209.0,0.9138755980861244,2.0861244019138754,-57.0
Zimbabwe,322.0,325.0,647.0,101.0,86.0,187.0,57.0,79.0,136.0,42.0,120.0,162.0,0.38556701030927837,0.5257731958762887,196.0,380.0,576.0,485.0,1.334020618556701,1.1876288659793814,-3.0
Åland Islands,50.0,27.0,77.0,14.0,7.0,21.0,6.0,2.0,8.0,11.0,11.0,22.0,0.4117647058823529,0.49019607843137253,48.0,38.0,86.0,51.0,1.5098039215686274,1.6862745098039216,23.0
